ISO,value,Sofia_45_Europa,Sofia_47_Europa,Santiago_70_Americas,Beijing_49_Asia,Havanna_60_Americas,Havanna_60_Americas.1,AddisAbeba_77_Africa,Bonn_48_Europa,Bonn_49_Europa,Bonn_52_Europa,Bonn_54_Europa,Budapest_47_Europa,Budapest_48_Europa,Prague_45_Europa,Warsaw_47_Europa,Pyongyang_48_Asia,Pyongyang_49_Asia,Bucharest_45_Europa,Bucharest_47_Europa,Moscow_49_Europa,HaNoi_76_Asia,Belgrade_45_Europa
"",,,,,,,,,,,,,,,,,,,,,,,
ABW,,,,,,,,,,,,,,,,,,,,,,,
AFG,,4043.88854368158,4043.88854368158,16336.7578152619,4184.02176021347,12953.6802668035,,4195.63651232899,5228.96354862205,5228.96354862205,5228.96354862205,5228.96354862205,4363.38870117532,4363.38870117532,4712.22871724827,4269.2432654994,4993.63988835209,4993.63988835209,3817.38364993884,3817.38364993884,3370.61983805072,3885.02325127795,4265.26832905874
AGO,,5796.63942263743,5796.63942263743,8913.61102422488,11757.4734534049,10966.693336637,,3448.89534869748,6625.53844008237,6625.53844008237,6625.53844008237,6625.53844008237,6264.17400699521,6264.17400699521,6527.72463398315,6805.88705104609,12567.6661490347,12567.6661490347,6038.96623200736,6038.96623200736,7504.56092427385,10633.3006299949,5984.93036703659
AIA,,8369.37135832599,8369.37135832599,5772.8065202705,13569.8249804482,2082.14321470223,,10935.8294363066,7068.41822216641,7068.41822216641,7068.41822216641,7068.41822216641,7959.16062178503,7959.16062178503,7588.27339327837,8027.13075601808,13601.6464255765,13601.6464255765,8548.70212609963,8548.70212609963,8999.67145914371,15499.6467139932,8100.77034950903
ALB,,327.650565588982,327.650565588982,12402.3539191058,7696.17699975114,9297.57364876246,,4037.05401015045,1432.35892339202,1432.35892339202,1432.35892339202,1432.35892339202,685.858673968738,685.858673968738,1059.71856633192,1215.50535841624,8380.42063922232,8380.42063922232,618.422733814414,618.422733814414,2060.93360743079,8176.64654345145,391.170062928539
AND,,1784.23108511124,1784.23108511124,11167.1024266584,8774.94803511386,7826.01929058486,,5190.96331748581,1008.93072460569,1008.93072460569,1008.93072460569,1008.93072460569,1491.53240461943,1491.53240461943,1299.81347248956,1816.59951403399,9370.55721553606,9370.55721553606,1992.9290082867,1992.9290082867,2970.27779047275,9563.7315947777,1545.10601675572
ARE,,3489.96387669199,3489.96387669199,14637.6809780698,5971.36352644038,12977.9841814985,,2381.45173962034,4969.65312863088,4969.65312863088,4969.65312863088,4969.65312863088,4020.02810269504,4020.02810269504,4458.67248634262,4175.84113311239,6782.08417620095,6782.08417620095,3384.47559665448,3384.47559665448,3735.13983887331,5271.48566577572,3799.14251747584
ARG,,11921.6008713065,11921.6008713065,1134.75492625321,19266.1430828522,6872.89150129234,,11233.5632673382,11423.0674916528,11423.0674916528,11423.0674916528,11423.0674916528,11922.5636011235,11922.5636011235,11793.8550086631,12310.4369035649,19394.6824545174,19394.6824545174,12212.8667573663,12212.8667573663,13462.4713340102,17864.0099381762,11849.4824007326
ARM,,1788.12442759031,1788.12442759031,14316.4423352651,5952.96856935493,11103.0423384341,,3499.61855432811,3111.94655123044,3111.94655123044,3111.94655123044,3111.94655123044,2183.47385058635,2183.47385058635,2587.3950079981,2238.36497076063,6712.40287716811,6712.40287716811,1585.91447496262,1585.91447496262,1804.28151671172,6124.53239238754,2035.18358262173
ASM,,,,,,,,,,,,,,,,,,,,,,,
ATG,,8351.11480765516,8351.11480765516,5672.46184987118,13688.7657601532,2243.42888879872,,10836.1922034453,7074.18588435508,7074.18588435508,7074.18588435508,7074.18588435508,7954.66065685159,7954.66065685159,7591.55512185474,8038.33906257258,13738.7249564703,13738.7249564703,8537.07379193571,8537.07379193571,9028.07150831531,15578.5907543092,8088.10875046315
AUS,,15334.9135445326,15334.9135445326,11346.9932326693,8977.89870460679,14903.3097887485,,12432.1793869469,16529.4033654103,16529.4033654103,16529.4033654103,16529.4033654103,15703.3381093404,15703.3381093404,16032.6058350094,15550.7733396517,8573.31203564227,8573.31203564227,15140.6416891999,15140.6416891999,14467.9168399091,7726.1678366666,15590.5351946913
AUT,,818.223384474192,818.223384474192,12487.9175148517,7479.23069219405,8740.54784790775,,4826.78320457086,727.779588127431,727.779588127431,727.779588127431,727.779588127431,222.763868790421,222.763868790421,252.83832253951,556.254025507208,8102.31431689834,8102.31431689834,857.766731209293,857.766731209293,1673.82656096431,8257.55640374204,490.059136574466
AZE,,2218.04250971317,2218.04250971317,14762.6518461674,5529.6368335714,11414.2998714901,,3643.73823060466,3473.64287437521,3473.64287437521,3473.64287437521,3473.64287437521,2568.20313229162,2568.20313229162,2949.12953055312,2556.98128075532,6298.02071324132,6298.02071324132,1997.26349350977,1997.26349350977,1930.33134165126,5673.74225014654,2446.81630670777
BDI,,5137.37125748924,5137.37125748924,10735.8299994421,9995.87576651058,12384.2992795337,,1720.2124045151,6360.33891187919,6360.33891187919,6360.33891187919,6360.33891187919,5720.8195785369,5720.8195785369,6093.8848232463,6211.49491065297,10798.2994420684,10798.2994420684,5304.25395871093,5304.25395871093,6596.09932015181,8751.76789572217,5409.86019436033
BEL,,1701.23862420345,1701.23862420345,11867.6298387373,7982.37384377782,7823.591878933,,5608.86869181163,194.215148519446,194.215148519446,194.215148519446,194.215148519446,1139.67561387504,1139.67561387504,719.324065238597,1163.13482162033,8532.95289447794,8532.95289447794,1774.48654725129,1774.48654725129,2260.26291534055,8993.3881359644,1375.36599301673
BEN,,4497.41222795154,4497.41222795154,8877.83454466719,11527.4633057509,9223.31471579845,,3994.1665494948,4921.64331041974,4921.64331041974,4921.64331041974,4921.64331041974,4806.97987788213,4806.97987788213,4955.90211727827,5342.96850044477,12301.668595721,12301.668595721,4783.33167164472,4783.33167164472,6275.12129159797,11119.2261806257,4585.07228888897
BFA,,4128.43730937777,4128.43730937777,8897.73803536127,11392.4106730957,8557.97709622559,,4419.20798547499,4326.66344202636,4326.66344202636,4326.66344202636,4326.66344202636,4344.52944285605,4344.52944285605,4429.52391855222,4860.50951311247,12129.7594378582,12129.7594378582,4423.38502947004,4423.38502947004,5875.79326210843,11275.8950214236,4160.62164471176
BGD,,6417.50626860772,6417.50626860772,17891.0840643805,3019.00347951151,14752.2931961286,,5720.67338189169,7536.42503164442,7536.42503164442,7536.42503164442,7536.42503164442,6710.47258470642,6710.47258470642,7032.20775970506,6560.7733553898,3727.71920294748,3727.71920294748,6185.18595776786,6185.18595776786,5545.60197961237,1618.44794161603,6630.71920180717
BGR,,0,0,12729.580870338,7370.67318230649,9490.18534215435,,4025.6655850433,1523.18644692226,1523.18644692226,1523.18644692226,1523.18644692226,624.831102030409,624.831102030409,1067.75975135008,1074.12569778315,8058.44156955769,8058.44156955769,296.208378090785,296.208378090785,1778.93352970663,7860.42423676797,329.690427946742
BHR,,3077.36704116564,3077.36704116564,14364.5911090643,6189.86598089729,12567.530247294,,2277.63561232121,4569.4446029187,4569.4446029187,4569.4446029187,4569.4446029187,3620.61748782504,3620.61748782504,4063.58828798775,3802.68126906807,6999.34442725525,6999.34442725525,2984.28389340832,2984.28389340832,3442.89747944709,5628.48715508475,3390.72272204029
BHS,,8972.962820731,8972.962820731,6514.67450953324,12671.2855395657,553.888342007793,,12145.6738720154,7511.5784084703,7511.5784084703,7511.5784084703,7511.5784084703,8457.61258295335,8457.61258295335,8032.27417766787,8383.06894532699,12513.8925622079,12513.8925622079,9088.48245896456,9088.48245896456,9160.12309084759,14891.3242795178,8665.31042305942
BIH,,420.584024824071,420.584024824071,12419.0370108544,7630.10043609556,9073.69046954361,,4336.20721210241,1144.20148170721,1144.20148170721,1144.20148170721,1144.20148170721,407.702003535492,407.702003535492,755.757461313092,951.867378273337,8292.44591069554,8292.44591069554,620.54167393872,620.54167393872,1903.0604105763,8223.57671218945,196.912301814341
BLR,,1284.38487229315,1284.38487229315,13442.7388168242,6484.12290064031,9174.51848025132,,5078.5095165333,1433.46596277207,1433.46596277207,1433.46596277207,1433.46596277207,928.126987444027,928.126987444027,995.397216447636,476.883181338984,7097.72392665911,7097.72392665911,1058.06291958832,1058.06291958832,677.515020343549,7384.53745464956,1133.20433629951
BLZ,,10424.0580983002,10424.0580983002,5930.63060547441,13163.1534567248,934.280157467787,,13568.452316437,8945.3713913513,8945.3713913513,8945.3713913513,8945.3713913513,9894.34941552105,9894.34941552105,9461.73184857863,9788.64328487074,12818.5283678981,12818.5283678981,10528.4232789997,10528.4232789997,10492.8100155394,15482.6351385195,10112.1533011915
BMU,,7521.18010381641,7521.18010381641,7301.9310138627,12009.272429569,2004.52110887973,,10734.1113422112,6078.41000853686,6078.41000853686,6078.41000853686,6078.41000853686,7019.30428836248,7019.30428836248,6601.97331443459,6975.06987043921,12032.9761078953,12032.9761078953,7646.09160958328,7646.09160958328,7818.61096284889,14020.0896477696,7217.50389572858
BOL,,11309.7593834701,11309.7593834701,1682.07665657472,17686.4646410912,5022.93289536929,,11806.4858438421,10448.0648737984,10448.0648737984,10448.0648737984,10448.0648737984,11139.1176716732,11139.1176716732,10900.8227645209,11411.2989819248,17552.2951773915,17552.2951773915,11574.1232412335,11574.1232412335,12539.9626988874,19076.8570260454,11151.3046560179
BRA,,9721.0515091917,9721.0515091917,3009.07235460371,16932.481076303,5712.79344792448,,9931.32831849584,9102.95974797707,9102.95974797707,9102.95974797707,9102.95974797707,9655.00942187063,9655.00942187063,9493.28090305533,10011.7016582578,17356.0667960612,17356.0667960612,10003.4621421528,10003.4621421528,11165.9836120624,17201.6213706097,9612.15754251652
BRB,,8461.59126593195,8461.59126593195,5281.37990374489,14121.8867743512,2645.69424073856,,10688.7839449895,7255.90367370134,7255.90367370134,7255.90367370134,7255.90367370134,8104.85410231235,8104.85410231235,7764.3278976433,8230.29638581176,14206.6771452469,14206.6771452469,8665.21729773353,8665.21729773353,9261.04957766719,15913.11741048,8215.31226098181
BRN,,9777.61693049188,9777.61693049188,16791.4906952127,3881.17918680177,16386.2516824527,,8417.86003753733,10827.5837340233,10827.5837340233,10827.5837340233,10827.5837340233,10046.6124918863,10046.6124918863,10341.1281196136,9849.52521021549,3935.61893442379,3935.61893442379,9540.58588601616,9540.58588601616,8766.85627691123,2037.9528271343,9983.42891325217
BTN,,6117.58942917122,6117.58942917122,18024.0804179167,2822.41201018562,14339.4656950193,,5708.30898726048,7188.28763698792,7188.28763698792,7188.28763698792,7188.28763698792,6382.71645189097,6382.71645189097,6690.28115993406,6210.38995064926,3573.08262884662,3573.08262884662,5875.81833020579,5875.81833020579,5174.30291600056,1793.03544289533,6317.54366858317
BWA,,7462.07309379726,7462.07309379726,9108.13296654868,11763.9926089966,12813.1889605469,,3977.53085176574,8553.70714086543,8553.70714086543,8553.70714086543,8553.70714086543,8017.74189215071,8017.74189215071,8356.32047148088,8530.74879171752,12508.6869408456,12508.6869408456,7650.49613806892,7650.49613806892,8978.14302151159,10014.4482496873,7712.85604210822
CAF,,4269.86282494653,4269.86282494653,10206.2499165289,10367.6810027027,10936.4268361096,,2291.439528463,5247.63022550275,5247.63022550275,5247.63022550275,5247.63022550275,4775.59746870621,4775.59746870621,5079.93773163663,5308.49519614394,11175.736353872,11175.736353872,4498.00434426773,4498.00434426773,5944.19167742242,9563.25261232158,4483.05843809918
CAN,,7390.29969546308,7390.29969546308,8747.85285373382,10476.7602685823,2545.0618218367,,11142.5162895984,5867.24815402492,5867.24815402492,5867.24815402492,5867.24815402492,6800.86795202036,6800.86795202036,6350.34042970465,6595.6402837368,10408.6464952859,10408.6464952859,7432.2567031513,7432.2567031513,7179.76959969677,12644.1954493038,7062.32684630549
CHE,,1338.18953799035,1338.18953799035,11831.4132736063,8095.36801741496,8152.34329893716,,5143.96217027253,421.988858211682,421.988858211682,421.988858211682,421.988858211682,887.014621461741,887.014621461741,621.667650599234,1140.09635402069,8689.74944694319,8689.74944694319,1475.65097161273,1475.65097161273,2294.35794742526,8939.52524392102,1035.6368453253
CHL,,12729.580870338,12729.580870338,0,19059.0033207979,6382.85866684965,,12360.9759441859,12026.4162354595,12026.4162354595,12026.4162354595,12026.4162354595,12642.7082568363,12642.7082568363,12450.3287001126,12967.6057368386,18425.6308962225,18425.6308962225,13010.8124993153,13010.8124993153,14115.646410019,18587.865189804,12614.0495115504
CHN,,7370.67318230649,7370.67318230649,19059.0033207979,0,12760.6160558418,,8319.94082984057,7843.31638415979,7843.31638415979,7843.31638415979,7843.31638415979,7353.15256184842,7353.15256184842,7475.13461068815,6959.10899176555,810.776616623736,810.776616623736,7077.80314762328,7077.80314762328,5808.19383003331,2320.31029011002,7433.25818633149
CIV,,4867.02157192806,4867.02157192806,8196.76788137705,12120.8315388533,8402.33265042279,,4858.95303581648,5003.28488210696,5003.28488210696,5003.28488210696,5003.28488210696,5070.41205781447,5070.41205781447,5136.8671084522,5579.90448716289,12864.1184416745,12864.1184416745,5162.19532391387,5162.19532391387,6609.49991626825,11906.110812689,4893.77593389469
CMR,,4457.56665569966,4457.56665569966,9523.98387581542,10996.0218427683,10244.8419465217,,3065.11991619073,5211.37636614529,5211.37636614529,5211.37636614529,5211.37636614529,4888.14838369854,4888.14838369854,5130.03867733499,5432.68710278701,11796.8090236715,11796.8090236715,4716.35810502738,4716.35810502738,6207.20217127826,10312.6112105876,4620.33910435823
COD,,,,,,,,,,,,,,,,,,,,,,,
COG,,5264.37845520785,5264.37845520785,9375.4335568725,11264.1789830312,10981.6874348234,,2991.97107548598,6144.83271865301,6144.83271865301,6144.83271865301,6144.83271865301,5745.44240203977,5745.44240203977,6023.23068220211,6284.7455446401,12074.9523975915,12074.9523975915,5501.93235324538,5501.93235324538,6960.76293538458,10245.8103610743,5461.34031966557
COK,,17603.7422726875,17603.7422726875,8665.71535287036,10992.1792192285,9719.13811495293,,17623.0961229139,16534.1257130749,16534.1257130749,16534.1257130749,16534.1257130749,17087.607311211,17087.607311211,16759.3809615557,16560.1795367855,10213.046126231,10213.046126231,17372.3952649873,17372.3952649873,15908.2203051224,11267.3601387142,17385.1993149297
COL,,10266.1693640401,10266.1693640401,4231.35852674289,14956.0550822699,2230.16090206193,,12432.8273229377,8989.05644073051,8989.05644073051,8989.05644073051,8989.05644073051,9873.82257385374,9873.82257385374,9508.04609034082,9948.59696336812,14758.6797956591,14758.6797956591,10455.4820216406,10455.4820216406,10911.218571545,17163.0358965672,10006.2474075765
COM,,6356.4214217433,6356.4214217433,11431.8438769295,9440.2847616415,14149.6880679783,,2342.96798115804,7753.00847931889,7753.00847931889,7753.00847931889,7753.00847931889,6977.08158463008,6977.08158463008,7398.48057314129,7397.45918828624,10184.0917813114,10184.0917813114,6452.81529535288,6452.81529535288,7492.41501684831,7742.16104555265,6666.88534476122
CPV,,5413.07321755258,5413.07321755258,7325.33068262209,12659.3297263297,6222.96825954732,,6794.19875105904,4829.54903162631,4829.54903162631,4829.54903162631,4829.54903162631,5328.82298741223,5328.82298741223,5184.2838509146,5700.84692163742,13236.3313592517,13236.3313592517,5689.28230231855,5689.28230231855,6853.53647141599,13211.7111644598,5288.75274788516
CRI,,10654.5179447372,10654.5179447372,5006.24220700175,14099.3053514056,1472.56289513571,,13363.1156472972,9243.79249273381,9243.79249273381,9243.79249273381,9243.79249273381,10178.04644617,10178.04644617,9768.48704208841,10148.5432969455,13771.806242998,13771.806242998,10797.9094868822,10797.9094868822,10969.2076879271,16413.8028965165,10361.3732016775
CUB,,9490.18534215435,9490.18534215435,6382.85866684965,12760.6160558418,0,,12699.3595852836,8014.7486249368,8014.7486249368,8014.7486249368,8014.7486249368,8963.20599447124,8963.20599447124,8532.42386807142,8867.27359037064,12529.4150140321,12529.4150140321,9596.62991392244,9596.62991392244,9602.55815101605,15038.487052162,9178.88073006031
CYM,,9716.90643953918,9716.90643953918,5946.01934203262,13197.4312962547,437.114209738941,,12758.6360735281,8266.09319077751,8266.09319077751,8266.09319077751,8266.09319077751,9210.24901335085,9210.24901335085,8787.98587607022,9144.20381329862,12960.1157727443,12960.1157727443,9839.1731793131,9839.1731793131,9923.16462178632,15475.0428800452,9412.48337787306
CYP,,1204.92712285609,1204.92712285609,13209.600766696,7080.90182282184,10663.6366035464,,2949.09860163726,2728.01833367318,2728.01833367318,2728.01833367318,2728.01833367318,1806.63323771331,1806.63323771331,2258.42683205859,2134.2058251829,7840.00379256664,7840.00379256664,1200.63690656067,1200.63690656067,2309.87890414243,7142.73643232116,1533.18238713558
CZE,,1067.75975135008,1067.75975135008,12450.3287001126,7475.13461068815,8532.42386807142,,5079.61840235999,525.111691611357,525.111691611357,525.111691611357,525.111691611357,452.113891253302,452.113891253302,0,518.535027076712,8075.82450926049,8075.82450926049,1082.61185282302,1082.61185282302,1672.70522003438,8342.891138377,741.382572680178
DEU,,1320.08455850884,1320.08455850884,12503.5968104651,7377.47761537434,8373.95026534683,,5342.79157634069,478.206578619561,478.206578619561,478.206578619561,478.206578619561,695.301740072976,695.301740072976,279.716492174776,519.529129405735,7954.15637576752,7954.15637576752,1296.9015620927,1296.9015620927,1615.11959421117,8342.24270363415,1000.94532945166
DJI,,3945.0628688394,3945.0628688394,12919.746711479,7766.39036163274,12956.2420604304,,558.916105493482,5436.08811597831,5436.08811597831,5436.08811597831,5436.08811597831,4568.04285809842,4568.04285809842,5012.44703241975,4926.80529353012,8573.70078050527,8573.70078050527,3988.9007542278,3988.9007542278,4922.21278689598,6743.23798200588,4271.40700110593
DMA,,8445.58207623186,8445.58207623186,5482.48489628755,13888.4163395835,2366.29140649829,,10829.0942471359,7193.85211778033,7193.85211778033,7193.85211778033,7193.85211778033,8063.54373950835,8063.54373950835,7708.38516248167,8162.36492131868,13944.4665496801,13944.4665496801,8638.25865490644,8638.25865490644,9167.0592912015,15753.9102145775,8188.61548368157
DNK,,1639.07362845632,1639.07362845632,12606.9916750181,7219.41198371948,8212.85960878052,,5664.01241216695,660.688240936108,660.688240936108,660.688240936108,660.688240936108,1019.30317299627,1019.30317299627,635.383058649988,673.462512997283,7765.29804355483,7765.29804355483,1576.83317272703,1576.83317272703,1565.53457101755,8302.59889588008,1331.41212557336
DOM,,8898.45895320414,8898.45895320414,5745.92592045354,13507.5700685482,1390.81897308559,,11636.4258603828,7532.75477767665,7532.75477767665,7532.75477767665,7532.75477767665,8450.0255836802,8450.0255836802,8057.29165596718,8468.35153561488,13432.7324698025,13432.7324698025,9057.88929700407,9057.88929700407,9376.39013228144,15609.8322214761,8615.06900892255
DZA,,1851.47427961866,1851.47427961866,10901.2697736814,9129.22874031633,8120.27515707317,,4732.5426423498,1584.25284011275,1584.25284011275,1584.25284011275,1584.25284011275,1777.66644589988,1777.66644589988,1737.29372879808,2220.42673328533,9768.68815927419,9768.68815927419,2118.2248201328,2118.2248201328,3339.84003319732,9709.80641799072,1713.06498106775
ECU,,10994.0651056086,10994.0651056086,3767.86275980221,15358.7933695094,2617.2115739014,,13018.3004230363,9718.01550567519,9718.01550567519,9718.01550567519,9718.01550567519,10603.8547992759,10603.8547992759,10237.4385467659,10675.9884130862,15052.2673236392,15052.2673236392,11184.9125451766,11184.9125451766,11628.5066579597,17654.7341755957,10735.5595861769
EGY,,1571.68409200355,1571.68409200355,12796.6467088984,7558.76134827063,10804.1892609049,,2456.91158772117,3050.59416203092,3050.59416203092,3050.59416203092,3050.59416203092,2196.44696303729,2196.44696303729,2634.10115718226,2603.4508969143,8333.56387255411,8333.56387255411,1660.00114089645,1660.00114089645,2900.03997630421,7439.72439666108,1893.04988629519
ERI,,3379.48292241761,3379.48292241761,12740.4384404991,7872.12144679432,12347.7019537388,,700.300595915564,4851.17528784416,4851.17528784416,4851.17528784416,4851.17528784416,4004.2809921661,4004.2809921661,4443.03891276954,4389.81126620913,8682.8797272931,8682.8797272931,3445.77385990362,3445.77385990362,4485.69550978314,7059.4978161372,3701.95707048872
ESH,,,,,,,,,,,,,,,,,,,,,,,
ESP,,2259.00557011651,2259.00557011651,10679.7431474477,9243.84139328812,7450.81777790119,,5444.24792928445,1420.38831606106,1420.38831606106,1420.38831606106,1420.38831606106,1985.66994257552,1985.66994257552,1775.23118905461,2293.75629968979,9823.88549460636,9823.88549460636,2478.92718416042,2478.92718416042,3447.86956825118,10057.8904836668,2033.37659661026
EST,,1864.78183958443,1864.78183958443,13432.3202742541,6381.27407928084,8733.97530346712,,5718.31786953311,1477.70740440419,1477.70740440419,1477.70740440419,1477.70740440419,1380.40325700669,1380.40325700669,1231.76459826305,835.390969815349,6931.32197282956,6931.32197282956,1671.60967425366,1671.60967425366,870.416343132673,7516.93372656872,1652.1187746357
ETH,,4025.6655850433,4025.6655850433,12360.9759441859,8319.94082984057,12699.3595852836,,0,5463.33893699087,5463.33893699087,5463.33893699087,5463.33893699087,4649.28000484316,4649.28000484316,5079.61840235999,5056.77149395451,9128.09241502376,9128.09241502376,4111.76589205988,4111.76589205988,5185.30893929591,7289.22785224711,4341.93832422236
FIN,,1946.69653559615,1946.69653559615,13462.6141324128,6338.06802616685,8707.85853126633,,5792.50161532954,1532.63016425932,1532.63016425932,1532.63016425932,1532.63016425932,1461.27524808388,1461.27524808388,1304.03302276725,916.323659817802,6880.781458697,6880.781458697,1752.16784116467,1752.16784116467,894.976309463525,7500.94594530193,1734.00779814888
FLK,,13046.7394972863,13046.7394972863,2276.56697255802,18621.971097863,8628.03939379524,,11244.3986523211,12892.4604832489,12892.4604832489,12892.4604832489,12892.4604832489,13202.809836888,13202.809836888,13176.9004438214,13669.9209579586,18569.6758605096,18569.6758605096,13341.994242305,13341.994242305,14767.2352868196,16321.9947177258,13058.1345927271
FRA,,1761.4311941684,1761.4311941684,11625.8405119619,8237.77344997191,7730.8075786918,,5568.5362400954,400.637073329318,400.637073329318,400.637073329318,400.637073329318,1255.91707851825,1255.91707851825,884.426645791134,1370.24985366824,8793.56128099101,8793.56128099101,1874.94123831133,1874.94123831133,2493.67639874641,9212.34591258389,1448.22580248366
FRO,,2918.89272064204,2918.89272064204,12018.4546834216,7616.640713709,7011.16859820959,,6934.95404487251,1513.21023291592,1513.21023291592,1513.21023291592,1513.21023291592,2294.53616563645,2294.53616563645,1855.93245088355,1980.29834836038,8023.05137478303,8023.05137478303,2884.44432259109,2884.44432259109,2596.16713324351,9072.33691733743,2596.16661761925
GAB,,4886.79877585425,4886.79877585425,9118.75564880308,11422.5987032032,10184.9435979737,,3385.20441715423,5584.02234626317,5584.02234626317,5584.02234626317,5584.02234626317,5301.62228129322,5301.62228129322,5527.69397142165,5846.62816634101,12225.9444053913,12225.9444053913,5149.52500734272,5149.52500734272,6643.63319271184,10666.1903666726,5039.97328992557
GBR,,2018.92325997576,2018.92325997576,11648.5213037677,8161.99339943159,7502.12519915847,,5892.75062767316,513.08732923378,513.08732923378,513.08732923378,513.08732923378,1461.28146878448,1461.28146878448,1036.0483562884,1452.73366923517,8685.44382283655,8685.44382283655,2096.17933360029,2096.17933360029,2508.62829229061,9250.37342114516,1694.53905411663
GEO,,1772.82746272049,1772.82746272049,14379.1538910294,5861.79689329208,11008.4427517348,,3669.50931981639,3039.26999433004,3039.26999433004,3039.26999433004,3039.26999433004,2125.10226719092,2125.10226719092,2514.18713363702,2141.4504761534,6613.42356093681,6613.42356093681,1549.66324265408,1549.66324265408,1647.98517548929,6104.78066075667,1999.24978562926
GGY,,,,,,,,,,,,,,,,,,,,,,,
GHA,,4722.99479326902,4722.99479326902,8562.92234160308,11824.9047812193,8973.59059158385,,4317.81433853703,5053.97832871913,5053.97832871913,5053.97832871913,5053.97832871913,5000.04157259372,5000.04157259372,5122.32361994871,5529.33029992778,12592.91506599,12592.91506599,5012.75915482614,5012.75915482614,6495.04423717142,11448.353123621,4791.84284536474
GIB,,2560.42112012884,2560.42112012884,10264.5973862404,9695.57188923811,7407.49308623195,,5371.97065676113,1903.62761057338,1903.62761057338,1903.62761057338,1903.62761057338,2378.41120753523,2378.41120753523,2220.92138854747,2736.47492633127,10291.8076643034,10291.8076643034,2808.51197033503,2808.51197033503,3888.77907161585,10414.1355447164,2377.96925306201
GIN,,5144.12755102389,5144.12755102389,7669.31308206319,12513.2139047161,7428.86123456812,,5758.84158777883,4953.30300115913,4953.30300115913,4953.30300115913,4953.30300115913,5220.42368130084,5220.42368130084,5191.92223085068,5680.35970666756,13197.3745434911,13197.3745434911,5438.21611222519,5438.21611222519,6788.26634135622,12608.0182906959,5101.76799594432
GLP,,,,,,,,,,,,,,,,,,,,,,,
GMB,,5011.18749437536,5011.18749437536,7732.33625309102,12364.9923803449,6985.59190159641,,6049.97261065372,4656.62923697572,4656.62923697572,4656.62923697572,4656.62923697572,5018.27787189169,5018.27787189169,4942.14925074743,5445.66801103183,13008.4572887354,13008.4572887354,5299.53876313368,5299.53876313368,6578.97295550939,12668.2302716077,4932.19225662495
GNB,,5072.90267979008,5072.90267979008,7690.09858199039,12439.1775648401,7144.70634779329,,5949.81740250868,4779.54340158338,4779.54340158338,4779.54340158338,4779.54340158338,5106.17828162644,5106.17828162644,5047.86192659979,5546.33203677637,13098.2151870802,13098.2151870802,5363.8475805538,5363.8475805538,6671.29895123678,12663.8332107198,5007.66780603502
GNQ,,4548.70370945875,4548.70370945875,9264.45653311906,11232.3287605953,9970.04613067513,,3365.86590971675,5210.10768648362,5210.10768648362,5210.10768648362,5210.10768648362,4947.10994863749,4947.10994863749,5163.04407671755,5491.98186789737,12028.7172208413,12028.7172208413,4816.73087157225,4816.73087157225,6314.71668765183,10600.8331487796,4691.00622071719
GRC,,524.574227170067,524.574227170067,12544.8036679407,7633.62599909534,9763.79965009477,,3546.19313078378,1931.50390412344,1931.50390412344,1931.50390412344,1931.50390412344,1119.267570767,1119.267570767,1535.16021446208,1597.55743659226,8351.25145585379,8351.25145585379,743.630125285398,743.630125285398,2231.44914809479,7934.22381620179,806.590035772138
GRD,,8711.93210990676,8711.93210990676,5122.12746595191,14248.6313350663,2502.9142681516,,10938.3535946627,7493.21843042642,7493.21843042642,7493.21843042642,7493.21843042642,8348.84183061665,8348.84183061665,8003.81030279308,8465.85803410578,14295.9540791477,14295.9540791477,8913.10236581936,8913.10236581936,9486.68177353998,16105.3422696869,8463.15780480532
GRL,,5143.8995926358,5143.8995926358,10947.8423700391,8418.3071862599,5081.2166889292,,9133.59321046956,3670.25456894179,3670.25456894179,3670.25456894179,3670.25456894179,4522.23952333468,4522.23952333468,4076.29613260436,4211.48004696563,8560.3704416385,8560.3704416385,5120.11837971469,5120.11837971469,4651.6569174446,10361.6785349212,4817.31306006663
GTM,,10764.5944940013,10764.5944940013,5721.94561898921,13359.5689564417,1274.8348524025,,13852.7575606451,9288.84970324624,9288.84970324624,9288.84970324624,9288.84970324624,10237.5790910357,10237.5790910357,9805.7704590179,10134.2216289457,12977.0463925776,12977.0463925776,10871.2677042504,10871.2677042504,10836.7651392467,15678.6934528144,10453.6672956268
GUF,,,,,,,,,,,,,,,,,,,,,,,
GUM,,,,,,,,,,,,,,,,,,,,,,,
GUY,,8804.72246578984,8804.72246578984,4646.11713029816,14801.4389524621,3158.01883933122,,10655.8664158653,7695.99286746421,7695.99286746421,7695.99286746421,7695.99286746421,8500.22384810695,8500.22384810695,8189.65598713433,8674.62501269711,14912.5344635853,14912.5344635853,9028.65651387925,9028.65651387925,9746.22194910726,16470.7823092853,8581.52377224607
HND,,10561.7107961232,10561.7107961232,5547.3801342886,13548.3337652832,1122.37073477004,,13540.1623675738,9105.82285284309,9105.82285284309,9105.82285284309,9105.82285284309,10051.3969647578,10051.3969647578,9626.67261129402,9974.83549378734,13204.2525279797,13204.2525279797,10681.5159910574,10681.5159910574,10724.6115751809,15867.3464333543,10256.3351347114
HRV,,680.698920876605,680.698920876605,12344.1948738212,7658.14864248698,8812.86931700106,,4623.53601209675,855.570281757188,855.570281757188,855.570281757188,855.570281757188,305.313881226924,305.313881226924,489.228487438373,802.569340882316,8297.42226793866,8297.42226793866,810.612271732717,810.612271732717,1871.50557335593,8353.58427620739,368.215034285508
HTI,,9081.56024826233,9081.56024826233,5755.66358951437,13470.5376197849,1159.44044609287,,11878.4508949978,7696.18977419171,7696.18977419171,7696.18977419171,7696.18977419171,8620.7086126308,8620.7086126308,8221.244895137,8621.96833765492,13359.5567296138,13359.5567296138,9233.85519554881,9233.85519554881,9505.73912053545,15621.6685457308,8793.51616615338
HUN,,624.831102030409,624.831102030409,12642.7082568363,7353.15256184842,8963.20599447124,,4649.28000484316,949.625947535652,949.625947535652,949.625947535652,949.625947535652,0,0,452.113891253302,545.013965487749,7992.32242035182,7992.32242035182,636.335275277394,636.335275277394,1567.8459961903,8073.9898486966,312.894032063318
IDN,,9944.18690547679,9944.18690547679,15611.7876687715,5195.76315947584,17891.0058344448,,7736.23765119424,11222.4170156244,11222.4170156244,11222.4170156244,11222.4170156244,10337.5748180283,10337.5748180283,10703.4583339969,10262.6847971869,5372.01429482709,5372.01429482709,9755.50120504906,9755.50120504906,9298.28641007101,3011.08127873356,10204.6773070452
IMN,,2395.93334777209,2395.93334777209,11588.1585966131,8158.61197595063,7175.13273454662,,6304.19650304,872.782496724241,872.782496724241,872.782496724241,872.782496724241,1811.4441452047,1811.4441452047,1366.17791772069,1707.24907529336,8639.43109162056,8639.43109162056,2446.96843302324,2446.96843302324,2661.35639360501,9378.64367082921,2067.59016491204
IND,,,,,,,,,,,,,,,,,,,,,,,
IRL,,2479.03352361924,2479.03352361924,11440.7203726071,8303.7992384002,7064.50947596118,,6350.08554778325,960.075309344235,960.075309344235,960.075309344235,960.075309344235,1907.81562442031,1907.81562442031,1468.88073073191,1832.42774072999,8781.0791220954,8781.0791220954,2544.14938488477,2544.14938488477,2803.85479656404,9524.71652994794,2152.80255291009
IRN,,2532.84326219065,2532.84326219065,14778.5985790562,5616.31217170361,11883.5264109406,,3220.93734745973,3894.23559127455,3894.23559127455,3894.23559127455,3894.23559127455,2961.92943356594,2961.92943356594,3369.93272916922,3016.57524511282,6407.26917654104,6407.26917654104,2353.21755096733,2353.21755096733,2463.56574489368,5507.71049642366,2799.22714048956
IRQ,,2114.60890350089,2114.60890350089,14085.5510494903,6309.69723523968,11597.2064700726,,2751.03960414108,3588.2436639384,3588.2436639384,3588.2436639384,3588.2436639384,2638.66071772002,2638.66071772002,3078.96381059901,2817.49101460758,7098.17765062685,7098.17765062685,2002.87754783604,2002.87754783604,2548.84288888515,6156.46798708245,2419.35808779688
ISL,,3710.82624935864,3710.82624935864,11626.7939847487,7904.26817935594,6290.5327589551,,7715.29480441507,2260.58560972178,2260.58560972178,2260.58560972178,2260.58560972178,3087.91732153797,3087.91732153797,2644.17590047962,2779.98060966572,8219.21942229979,8219.21942229979,3683.94128445322,3683.94128445322,3319.57592854553,9553.9222194231,3385.55828353987
ISR,,1601.89564009026,1601.89564009026,13222.9314037892,7134.6434536625,11015.8579720798,,2549.33072095371,3123.47062559825,3123.47062559825,3123.47062559825,3123.47062559825,2212.08631865288,2212.08631865288,2663.00613001248,2546.17968446454,7911.64299988069,7911.64299988069,1612.07738664393,1612.07738664393,2668.20146416194,7030.65167436225,1931.50127225964
ITA,,897.70081640421,897.70081640421,11891.0130804269,8145.93260770612,8710.29185324716,,4461.90831769252,1066.04077576566,1066.04077576566,1066.04077576566,1066.04077576566,814.616877958308,814.616877958308,922.997167384336,1317.12582474539,8797.62728024014,8797.62728024014,1141.55058800453,1141.55058800453,2380.80570802864,8747.18819445963,723.051318408757
JAM,,9470.28232183563,9470.28232183563,5726.43409453262,13453.5628483886,814.494219383753,,12347.7625769565,8056.65557412376,8056.65557412376,8056.65557412376,8056.65557412376,8990.76224195438,8990.76224195438,8581.42461868359,8964.70565614666,13274.4848149024,13274.4848149024,9611.1626753381,9611.1626753381,9806.15765000093,15680.28260657,9175.45387877347
JEY,,2087.75155674776,2087.75155674776,11382.0798437305,8444.51240318023,7403.30223755805,,5848.87500753957,682.533747657903,682.533747657903,682.533747657903,682.533747657903,1582.05190383793,1582.05190383793,1195.8859033037,1660.12142001135,8974.72138415262,8974.72138415262,2203.11902531252,2203.11902531252,2754.97576713899,9491.15975368326,1776.14577286625
JOR,,1630.35308853819,1630.35308853819,13291.6646796619,7068.50020268089,11061.4166266511,,2556.90081869051,3153.30973140024,3153.30973140024,3153.30973140024,3153.30973140024,2235.53646642812,2235.53646642812,2687.1877849293,2557.02546650493,7846.39126940828,7846.39126940828,1628.35867036998,1628.35867036998,2647.6071439091,6961.41020245006,1959.46988212605
JPN,,9199.99395325359,9199.99395325359,17235.2436985326,2104.34997480423,12135.4514990719,,10412.5008181083,9371.57221633879,9371.57221633879,9371.57221633879,9371.57221633879,9067.85522511442,9067.85522511442,9096.64039665224,8604.05331137415,1294.04818467543,1294.04818467543,8903.85300035965,8903.85300035965,7501.3506989765,3673.89507760142,9204.37849010151
KAZ,,3711.2870215366,3711.2870215366,16381.768259171,3661.42874432737,11388.0235129378,,5543.93337899921,4373.56808049176,4373.56808049176,4373.56808049176,4373.56808049176,3743.04108902711,3743.04108902711,3934.30040959784,3418.60861435812,4372.69196434169,4372.69196434169,3419.94559322042,3419.94559322042,2280.60703493995,4481.41108554861,3790.94713607881
KEN,,5058.12358426343,5058.12358426343,11548.4033705008,9214.75311750456,13045.491661282,,1160.56369941751,6419.16532831367,6419.16532831367,6419.16532831367,6419.16532831367,5672.18648071817,5672.18648071817,6082.92853429765,6116.29732011932,10009.5234477782,10009.5234477782,5177.13393130191,5177.13393130191,6325.28525485149,7898.02668741665,5359.96071065912
KGZ,,4129.06747135672,4129.06747135672,16828.0777821754,3474.23886374695,12325.3797997496,,5121.91941476661,5043.55328765834,5043.55328765834,5043.55328765834,5043.55328765834,4295.89188923438,4295.89188923438,4562.26186633235,4065.9069860906,4260.64937695492,4260.64937695492,3858.59460259773,3858.59460259773,2997.39112033786,3781.90089794578,4277.90835842415
KHM,,8463.70836777943,8463.70836777943,17541.1963280411,3336.97636605902,16085.203295084,,7237.45539436488,9564.8828048682,9564.8828048682,9564.8828048682,9564.8828048682,8754.69642179817,8754.69642179817,9067.16897175194,8586.70119861544,3675.05547431319,3675.05547431319,8232.74431843359,8232.74431843359,7536.15024431831,1051.72501065297,8678.26256130778
KIR,,14265.0028173222,14265.0028173222,12524.0426544556,7121.55862008476,11455.6055582267,,14830.9061619474,14081.3466895479,14081.3466895479,14081.3466895479,14081.3466895479,14031.9041425762,14031.9041425762,13952.5508748962,13516.2380787601,6352.57546507884,6352.57546507884,13971.971797663,13971.971797663,12506.2167373708,7591.04042359182,14219.6857436911
KNA,,8409.08661669784,8409.08661669784,5677.26376299701,13671.0764861096,2149.16958731157,,10923.3723769329,7121.19099448468,7121.19099448468,7121.19099448468,7121.19099448468,8006.50460804689,8006.50460804689,7639.78255838944,8082.87165693066,13707.1541403744,13707.1541403744,8592.16931041157,8592.16931041157,9064.23662689566,15587.4837485781,8143.61485993931
KOR,,8246.7493152793,8246.7493152793,18363.4965363331,955.768921729232,12620.8075138897,,9251.28706766812,8602.44831914702,8602.44831914702,8602.44831914702,8602.44831914702,8184.77820818917,8184.77820818917,8270.02257672398,7760.54042762796,194.93193413173,194.93193413173,7951.62400707944,7951.62400707944,6622.59323724276,2739.25561069078,8287.33706616579
KWT,,2652.32209881494,2652.32209881494,14257.0152952966,6228.6551078924,12141.4360306766,,2451.44027638472,4137.9363252055,4137.9363252055,4137.9363252055,4137.9363252055,3188.70003354396,3188.70003354396,3630.67014161688,3369.34534308393,7031.99754751971,7031.99754751971,2552.45629709081,2552.45629709081,3042.69494425133,5849.16964822203,2962.73005857084
LAO,,7814.20001261945,7814.20001261945,18165.9467428019,2770.38866562604,15425.7843764782,,6953.61735575041,8860.3549826104,8860.3549826104,8860.3549826104,8860.3549826104,8073.65321448324,8073.65321448324,8370.20710879051,7881.78014282474,3233.82828134187,3233.82828134187,7572.47719050051,7572.47719050051,6813.6077338911,480.480834283777,8013.61883150305
LBN,,1441.31101723264,1441.31101723264,13335.8106501836,6990.0021990461,10903.8166895071,,2776.11916620962,2963.56453960102,2963.56453960102,2963.56453960102,2963.56453960102,2036.56903431959,2036.56903431959,2488.67828737711,2343.5840782979,7759.47306675597,7759.47306675597,1421.16473611347,1421.16473611347,2434.26014021356,6971.04773551967,1768.43153845682
LBR,,5240.51798010438,5240.51798010438,7685.21862261993,12573.7436516445,7856.64345208658,,5472.10246786169,5196.10033022985,5196.10033022985,5196.10033022985,5196.10033022985,5377.26763152013,5377.26763152013,5391.17408285166,5862.01875315978,13291.221771307,13291.221771307,5536.65965616188,5536.65965616188,6938.86210800427,12481.8698005333,5231.01323359033
LBY,,1405.50813535665,1405.50813535665,11434.7392530964,8736.14123335475,9135.67990514032,,3729.68210474627,2042.98609720809,2042.98609720809,2042.98609720809,2042.98609720809,1696.03079105387,1696.03079105387,1912.03736576117,2238.82606876431,9443.16841306683,9443.16841306683,1700.48839882692,1700.48839882692,3166.18105854303,9009.70618646324,1464.9729546819
LCA,,8506.99309741882,8506.99309741882,5350.03891605909,14029.2980306216,2467.34188554635,,10815.2924770396,7274.47561523203,7274.47561523203,7274.47561523203,7274.47561523203,8135.7603116282,8135.7603116282,7786.64274305214,8245.70756293506,14091.1381439482,14091.1381439482,8704.49946570336,8704.49946570336,9261.11539323802,15873.7275497471,8254.60535147561
LIE,,1193.96754961619,1193.96754961619,11977.5620947893,7960.99755319505,8296.79133993837,,5049.84748041997,437.504926365169,437.504926365169,437.504926365169,437.504926365169,728.187235016094,728.187235016094,487.604872602426,1001.95234521223,8563.42315678446,8563.42315678446,1321.03849865335,1321.03849865335,2155.25854410665,8784.24895303387,884.866293703618
LKA,,6786.53751506518,6786.53751506518,15793.7965882476,5156.74372690156,16163.0784909782,,4534.06573058648,8202.42636035277,8202.42636035277,8202.42636035277,8202.42636035277,7264.54680367792,7264.54680367792,7678.55203428408,7313.70507448739,5803.54187042522,5803.54187042522,6642.86410341066,6642.86410341066,6564.88310824394,3204.37317724048,7078.93211194397
LSO,,7984.15889540673,7984.15889540673,8957.09285727173,11946.592635833,13086.1973402556,,4409.55554295432,9090.65548818084,9090.65548818084,9090.65548818084,9090.65548818084,8545.37064288635,8545.37064288635,8888.50598114686,9054.85696712832,12661.1039036411,12661.1039036411,8167.11935751283,8167.11935751283,9473.74729696809,10076.0111999992,8239.25972588854
LTU,,1340.88869940936,1340.88869940936,13323.8843727359,6579.10276904933,9002.45456053258,,5205.41859821241,1300.62402571225,1300.62402571225,1300.62402571225,1300.62402571225,908.865976996954,908.865976996954,897.781885401402,393.993128423353,7178.48498557578,7178.48498557578,1141.62762246874,1141.62762246874,792.82413855795,7525.62933900363,1150.7752164379
LUX,,1529.13855608646,1529.13855608646,11902.4253666827,7977.06273583839,7979.30844958089,,5422.12695825753,143.026581705467,143.026581705467,143.026581705467,143.026581705467,988.410015724864,988.410015724864,598.352903577884,1083.75282712957,8545.50096888701,8545.50096888701,1617.70650356323,1617.70650356323,2214.18042790049,8926.03323014324,1206.41908751736
LVA,,1586.09725558927,1586.09725558927,13323.6005195132,6533.40896456299,8822.78632895036,,5467.6351437783,1310.3268744725,1310.3268744725,1310.3268744725,1310.3268744725,1105.96382561027,1105.96382561027,995.991993045979,561.882057349952,7107.26432107749,7107.26432107749,1398.97551538767,1398.97551538767,844.592988719812,7576.14375509018,1373.28121017096
MAR,,2788.1003019058,2788.1003019058,10008.6679183436,9962.10566592242,7326.29869633953,,5412.17940390188,2174.41376971572,2174.41376971572,2174.41376971572,2174.41376971572,2634.48975574183,2634.48975574183,2488.75929111574,3003.25039708624,10561.5738673482,10561.5738673482,3044.25189703808,3044.25189703808,4154.33973368975,10648.0716963643,2620.56350196029
MCO,,1294.85279821775,1294.85279821775,11641.1911332512,8331.10696499547,8252.87894484137,,4899.30632323254,779.154324341076,779.154324341076,779.154324341076,779.154324341076,1003.56025009364,1003.56025009364,884.295192758883,1382.00523678808,8947.92530943285,8947.92530943285,1494.77684285149,1494.77684285149,2523.74652717001,9068.52579963643,1046.26199999683
MDA,,648.394713974334,648.394713974334,13308.0311706359,6750.73096092765,9636.82187553399,,4317.48630389771,1639.90921885107,1639.90921885107,1639.90921885107,1639.90921885107,734.487668136793,734.487668136793,1114.92792978823,808.50199171562,7425.98572648767,7425.98572648767,357.58851927963,357.58851927963,1145.37129974587,7358.44644905108,694.024724056964
MDG,,7258.84713754245,7258.84713754245,11270.0817766398,9652.85070187046,14825.97749089,,3234.56456731802,8669.26979075867,8669.26979075867,8669.26979075867,8669.26979075867,7881.45094098468,7881.45094098468,8307.1425343842,8289.88402801764,10343.5790554377,10343.5790554377,7344.88912590592,7344.88912590592,8325.2488030678,7740.97769980106,7572.58908348461
MDV,,6528.96394973864,6528.96394973864,15091.6664350545,5843.56538348496,16017.1243232573,,3877.88644352517,8004.09888034179,8004.09888034179,8004.09888034179,8004.09888034179,7054.98326921561,7054.98326921561,7488.64715074336,7173.78306259607,6518.93679807037,6518.93679807037,6420.87301960538,6420.87301960538,6550.44094124193,3963.21718230476,6838.6172205847
MEX,,10960.7467788429,10960.7467788429,6586.92239147581,12477.5727735809,1787.09467260446,,14438.940679601,9443.1765893653,9443.1765893653,9443.1765893653,9443.1765893653,10385.8265588997,10385.8265588997,9937.89002637672,10195.7606940946,12031.1186085152,12031.1186085152,11020.4131212838,11020.4131212838,10736.895051933,14773.6384378054,10636.0611538757
MHL,,13614.5655342036,13614.5655342036,13038.4475338365,6549.93487403358,11349.5456911346,,14481.3606125138,13418.1028256131,13418.1028256131,13418.1028256131,13418.1028256131,13370.1558046221,13370.1558046221,13287.4945780227,12852.6861382606,5766.75741464054,5766.75741464054,13322.8020937338,13322.8020937338,11850.2939275985,7194.04685435785,13561.8334975682
MKD,,174.187709087697,174.187709087697,12555.5446362891,7543.51244491511,9386.32314739178,,4030.50893897457,1465.07551795425,1465.07551795425,1465.07551795425,1465.07551795425,635.795691929147,635.795691929147,1049.31632046727,1138.40198915835,8229.28043097561,8229.28043097561,466.287076348533,466.287076348533,1926.26949163752,8028.91388577516,323.277672590297
MLI,,4492.27454740071,4492.27454740071,8367.55073298085,11846.1541865228,7889.00925309258,,5122.88165691794,4440.82036258972,4440.82036258972,4440.82036258972,4440.82036258972,4615.19044857024,4615.19044857024,4628.10174724908,5098.4479405645,12549.8320934693,12549.8320934693,4788.03694325004,4788.03694325004,6178.31712255804,11895.7798661912,4473.45070112288
MLT,,1069.86087092167,1069.86087092167,11711.0045541331,8428.64980261871,9120.7478932967,,3861.12234325927,1752.43664268193,1752.43664268193,1752.43664268193,1752.43664268193,1342.34210743059,1342.34210743059,1576.25960913763,1886.00551476199,9124.86396290791,9124.86396290791,1366.0660519953,1366.0660519953,2816.60920112294,8786.60338028341,1110.83999369574
MMR,,7369.58989256724,7369.58989256724,17744.628531691,3222.41404873967,15583.7049780087,,6268.83072025149,8515.22164537505,8515.22164537505,8515.22164537505,8515.22164537505,7680.944964255,7680.944964255,8009.07726116998,7540.42657808555,3783.64210787896,3783.64210787896,7144.75856809023,7144.75856809023,6525.80510835034,1123.12433054034,7592.25028386454
MNG,,6251.46217231801,6251.46217231801,18383.2998089492,1169.35084566338,12080.8140447078,,7646.21175929875,6674.78556410207,6674.78556410207,6674.78556410207,6674.78556410207,6203.08019569079,6203.08019569079,6312.05486296945,5797.34667277993,1808.12003235431,1808.12003235431,5956.43576151421,5956.43576151421,4649.48715274987,2984.55163999643,6296.23943569321
MNP,,,,,,,,,,,,,,,,,,,,,,,
MOZ,,7661.27966873412,7661.27966873412,9580.68435747088,11322.6902820489,13498.8319316557,,3927.20991447392,8858.00999472644,8858.00999472644,8858.00999472644,8858.00999472644,8244.65911267471,8244.65911267471,8612.6604343117,8735.37765767051,12037.7157566041,12037.7157566041,7823.16156894401,7823.16156894401,9066.60061111863,9464.54159686077,7933.99517858905
MRT,,4595.07425040086,4595.07425040086,8134.68388581534,11915.6697341458,6884.82800564847,,5988.86735105865,4160.40145147636,4160.40145147636,4160.40145147636,4160.40145147636,4562.52702229216,4562.52702229216,4463.73944964183,4972.35266677579,12538.9233015741,12538.9233015741,4878.15171616738,4878.15171616738,6114.1177054046,12347.828597933,4494.69951335849
MTQ,,,,,,,,,,,,,,,,,,,,,,,
MUS,,7793.22131120689,7793.22131120689,11927.2527718789,9026.11898925273,15877.2836318771,,3824.84624714269,9272.21553685006,9272.21553685006,9272.21553685006,9272.21553685006,8416.62864420663,8416.62864420663,8860.05229246875,8766.18628646349,9655.87741140487,9655.87741140487,7833.99097317939,7833.99097317939,8618.81350837643,6961.75664468403,8118.72183386808
MWI,,6366.46834976104,6366.46834976104,10458.2730743854,10381.5280255105,13263.0204644527,,2602.52629317075,7625.76932945369,7625.76932945369,7625.76932945369,7625.76932945369,6961.8497899519,6961.8497899519,7346.03785944768,7438.67685304382,11147.0227323852,11147.0227323852,6515.78216173487,6515.78216173487,7736.1640715863,8777.3172571936,6649.49245824041
MYS,,8823.50196440962,8823.50196440962,16559.3342082801,4332.21506871213,17063.4930229973,,6988.94775735346,10062.7816066804,10062.7816066804,10062.7816066804,10062.7816066804,9191.82414386875,9191.82414386875,9546.89832848537,9097.63140500706,4660.96279390055,4660.96279390055,8622.6231915921,8622.6231915921,8121.26792340498,2028.56386259089,9072.55751244736
MYT,,,,,,,,,,,,,,,,,,,,,,,
NAM,,7254.96897057253,7254.96897057253,8464.50974708442,12354.6688553617,11884.0399896977,,4218.87836742299,8179.23939381296,8179.23939381296,8179.23939381296,8179.23939381296,7760.94279986638,7760.94279986638,8052.26468612323,8295.38797530975,13132.3040748578,13132.3040748578,7476.46779864843,7476.46779864843,8893.83222516442,10769.4626116173,7470.01182989879
NCL,,,,,,,,,,,,,,,,,,,,,,,
NER,,3822.4755819058,3822.4755819058,9289.85997632592,11024.5060662015,8879.00391092415,,4029.07212165083,4151.60566222326,4151.60566222326,4151.60566222326,4151.60566222326,4084.31818567892,4084.31818567892,4206.82547243369,4612.65072230222,11772.445070709,11772.445070709,4114.66359445008,4114.66359445008,5588.21636128934,10863.5841903653,3880.27683031513
NFK,,,,,,,,,,,,,,,,,,,,,,,
NGA,,4034.63466898801,4034.63466898801,9479.70097203546,10942.4062828758,9609.17062019888,,3437.16557410351,4620.47364171077,4620.47364171077,4620.47364171077,4620.47364171077,4398.56309844694,4398.56309844694,4593.28945146259,4941.855402209,11723.0316439587,11723.0316439587,4311.87050965246,4311.87050965246,5811.42630327321,10515.0926564349,4154.47416752291
NIC,,10647.9458122427,10647.9458122427,5310.05803487136,13786.8581901646,1285.03741441594,,13517.4013616366,9208.3850698436,9208.3850698436,9208.3850698436,9208.3850698436,10150.4212714557,10150.4212714557,9731.20174936331,10091.9409191636,13442.8601245449,13442.8601245449,10777.1225689874,10777.1225689874,10868.9095808516,16105.5320213511,10347.0964387667
NIU,,17105.4407315583,17105.4407315583,9686.06287083936,10033.7613662055,10589.9442178355,,16746.6871984756,16479.0627031499,16479.0627031499,16479.0627031499,16479.0627031499,16746.2799804926,16746.2799804926,16539.6226027817,16202.4261938035,9276.16927342012,9276.16927342012,16824.4527520987,16824.4527520987,15326.805781102,10188.6934296269,16991.3895113802
NLD,,1747.07444104281,1747.07444104281,11989.5489421062,7842.40872657306,7822.77190731881,,5700.61980320177,237.885418532012,237.885418532012,237.885418532012,237.885418532012,1156.20772457166,1156.20772457166,711.74768988199,1096.98329965558,8383.56446660758,8383.56446660758,1791.65434623955,1791.65434623955,2154.44200893776,8895.36436512096,1417.68563593928
NOR,,2098.38729313627,2098.38729313627,12707.1720779683,7043.37975992071,7977.62104672912,,6114.02677816954,1047.09000250971,1047.09000250971,1047.09000250971,1047.09000250971,1488.12414532976,1488.12414532976,1118.49461429364,1065.32321132666,7542.67245908428,7542.67245908428,2006.47301577169,2006.47301577169,1649.78025149285,8285.30409499857,1800.99111070409
NPL,,5751.13049522447,5751.13049522447,17641.9833922323,3157.46905664966,14226.1988138893,,5297.83521296523,6871.32653726255,6871.32653726255,6871.32653726255,6871.32653726255,6041.88082792829,6041.88082792829,6365.55049055882,5896.79450127958,3929.75274459208,3929.75274459208,5517.23328704812,5517.23328704812,4894.8497154374,2207.1957082323,5962.4181407211
NRU,,14100.6347102237,14100.6347102237,12937.594846513,6800.53627847323,12156.0433908215,,14216.0018385288,14126.1930827119,14126.1930827119,14126.1930827119,14126.1930827119,13947.9773091752,13947.9773091752,13929.3668955724,13459.9879049089,6066.68414125298,6066.68414125298,13804.4531217538,13804.4531217538,12389.0926783795,7050.3360519786,14100.0881924924
NZL,,17662.8060556161,17662.8060556161,9372.01910051023,10755.8835250062,12715.5759580186,,14416.4536193593,18595.7779046425,18595.7779046425,18595.7779046425,18595.7779046425,17968.8804378826,17968.8804378826,18207.7446673378,17690.2466642343,10188.6113846079,10188.6113846079,17453.2648722102,17453.2648722102,16538.7061543935,9895.38367284286,17901.5914630961
OMN,,3855.18800176898,3855.18800176898,14970.57606384,5681.014011516,13327.3074687115,,2639.47852093238,5312.5590836267,5312.5590836267,5312.5590836267,5312.5590836267,4364.369226473,4364.369226473,4795.66676708154,4485.41361439211,6489.87519464623,6489.87519464623,3732.20549430608,3732.20549430608,3956.30910764124,4877.54574994901,4157.12227123233
PAK,,4404.58005232415,4404.58005232415,16675.0305139987,3888.83555831019,13200.9601037366,,4448.62091986729,5561.86374492829,5561.86374492829,5561.86374492829,5561.86374492829,4709.61918238598,4709.61918238598,5048.6606009364,4595.53793591487,4699.61111058782,4699.61111058782,4173.51201523937,4173.51201523937,3658.11494797362,3514.69599705797,4620.09673745008
PAN,,10373.7305895521,10373.7305895521,4786.75721546359,14351.4026061313,1596.12653455109,,12911.1664872559,9006.03200126876,9006.03200126876,9006.03200126876,9006.03200126876,9925.98403778401,9925.98403778401,9530.88536015169,9935.2863357723,14086.0795677113,14086.0795677113,10534.4090184606,10534.4090184606,10814.331808474,16634.5244389206,10091.4377045409
PCN,,16899.2501414727,16899.2501414727,5776.16163575514,13707.2580757831,7414.8700612104,,17879.5751048546,15394.5633451234,15394.5633451234,15394.5633451234,15394.5633451234,16340.8737074509,16340.8737074509,15894.322918118,16136.2117235924,12897.1009619173,12897.1009619173,16976.4513396792,16976.4513396792,16454.1367873198,14318.7300897233,16580.8691105077
PER,,11754.7999829482,11754.7999829482,2454.96099410516,16651.9189453626,3936.45747919709,,13015.466293374,10629.1280099572,10629.1280099572,10629.1280099572,10629.1280099572,11451.3319529214,11451.3319529214,11130.9286095979,11606.2095803748,16272.4105987706,16272.4105987706,11981.6228003001,11981.6228003001,12642.8911945208,18967.3660103101,11534.7967189649
PHL,,9535.00773915746,9535.00773915746,17615.1547977011,2840.91991875537,15125.7369786582,,8937.57480507311,10358.1481202585,10358.1481202585,10358.1481202585,10358.1481202585,9691.25765133151,9691.25765133151,9916.43427202129,9402.82902929797,2748.43147937252,2748.43147937252,9268.13996548592,9268.13996548592,8264.89013246372,1753.47895709775,9687.45697951549
PLW,,11148.2556620791,11148.2556620791,16137.8620200895,4033.12901903423,14784.2373658271,,10514.3797701849,11840.6496417136,11840.6496417136,11840.6496417136,11840.6496417136,11252.7294997081,11252.7294997081,11435.716233205,10917.343871775,3617.5161547008,3617.5161547008,10872.5159995871,10872.5159995871,9764.6136748543,3431.14421732003,11277.2810017971
PNG,,13461.1539092332,13461.1539092332,13806.2260848983,6320.50648226606,14556.8505545476,,12183.839353005,14158.9807995577,14158.9807995577,14158.9807995577,14158.9807995577,13583.8732861624,13583.8732861624,13764.8097774022,13246.2837459602,5809.63773993684,5809.63773993684,13190.6733520242,13190.6733520242,12092.5713134627,5638.29363343724,13602.2741966844
POL,,1074.12569778315,1074.12569778315,12967.6057368386,6959.10899176555,8867.27359037064,,5056.77149395451,978.632236869379,978.632236869379,978.632236869379,978.632236869379,545.013965487749,545.013965487749,518.535027076712,0,7566.63975094171,7566.63975094171,945.042687022613,945.042687022613,1154.30928153737,7842.28841905112,825.448412615952
PRI,,,,,,,,,,,,,,,,,,,,,,,
PRK,,,,,,,,,,,,,,,,,,,,,,,
PRT,,2761.27305863376,2761.27305863376,10202.8545319752,9690.44451919638,7025.37529756216,,5789.60389027132,1847.15193256047,1847.15193256047,1847.15193256047,1847.15193256047,2482.72466481911,2482.72466481911,2247.66643319966,2764.7659976913,10247.546680539,10247.546680539,2982.78751749596,2982.78751749596,3915.27811569484,10556.6776483847,2537.09127852265
PRY,,11181.0514687237,11181.0514687237,1551.78992024679,18291.2255951282,5984.18956134718,,11078.0860805582,10538.3698698309,10538.3698698309,10538.3698698309,10538.3698698309,11112.5733607442,11112.5733607442,10941.2583341959,11459.7704407082,18447.2006359417,18447.2006359417,11463.9742162016,11463.9742162016,12613.2321089784,18276.451220716,11072.6928797842
PYF,,,,,,,,,,,,,,,,,,,,,,,
QAT,,3217.62910616367,3217.62910616367,14410.7396660746,6164.90759852537,12707.7335043609,,2252.26404038074,4710.02471000906,4710.02471000906,4710.02471000906,4710.02471000906,3761.16820235874,3761.16820235874,4204.00576735278,3941.24548846177,6975.28802869596,6975.28802869596,3124.83665248642,3124.83665248642,3567.24520579963,5546.57800946341,3531.22562527911
REU,,,,,,,,,,,,,,,,,,,,,,,
ROU,,296.208378090785,296.208378090785,13010.8124993153,7077.80314762328,9596.62991392244,,4111.76589205988,1585.52878162175,1585.52878162175,1585.52878162175,1585.52878162175,636.335275277394,636.335275277394,1082.61185282302,945.042687022613,7763.11759957361,7763.11759957361,0,0,1499.88684427647,7605.74651204869,449.944883486067
RUS,,1778.93352970663,1778.93352970663,14115.646410019,5808.19383003331,9602.55815101605,,5185.30893929591,2093.3117041,2093.3117041,2093.3117041,2093.3117041,1567.8459961903,1567.8459961903,1672.70522003438,1154.30928153737,6429.49414016245,6429.49414016245,1499.88684427647,1499.88684427647,0,6741.78815347475,1715.75234632176
RWA,,4991.04404985364,4991.04404985364,10887.3560652348,9836.4450901615,12391.8509591282,,1549.45840921507,6233.49301623648,6233.49301623648,6233.49301623648,6233.49301623648,5578.98845269157,5578.98845269157,5957.26953775322,6065.00741997188,10640.128561682,10640.128561682,5153.07329904593,5153.07329904593,6433.48482879726,8621.59127964289,5267.3724919719
SAU,,2933.88380270229,2933.88380270229,13937.9377756988,6612.09396595005,12393.2777898382,,1924.74436085564,4451.48361806491,4451.48361806491,4451.48361806491,4451.48361806491,3512.62861257295,3512.62861257295,3963.09713847425,3755.30287387581,7420.99916400983,7420.99916400983,2881.77071528371,2881.77071528371,3533.77087463932,6037.54933482487,3258.07602346703
SDN,,3130.66803323051,3130.66803323051,12161.5469341773,8398.46557589937,11747.2154461621,,994.135378140885,4514.83145398862,4514.83145398862,4514.83145398862,4514.83145398862,3745.46245968215,3745.46245968215,4160.16954879489,4190.7415873889,9206.76198872514,9206.76198872514,3254.76099947378,3254.76099947378,4477.28159711585,7709.47255580079,3433.56065654424
SEN,,4973.60289992084,4973.60289992084,7760.05974313116,12310.6794089262,6850.15036769743,,6142.59317957364,4566.5622130897,4566.5622130897,4566.5622130897,4566.5622130897,4958.31115366906,4958.31115366906,4866.84604505506,5374.16538879861,12940.670089223,12940.670089223,5259.35594949177,5259.35594949177,6513.54105916622,12678.5954481143,4883.00636595396
SGP,,9139.43539231626,9139.43539231626,16400.0385377627,4461.17144358417,17220.9386469561,,7257.9124038236,10373.9110835274,10373.9110835274,10373.9110835274,10373.9110835274,9505.76589024708,9505.76589024708,9858.87400740306,9407.27437526335,4735.95364684881,4735.95364684881,8937.94224138355,8937.94224138355,8423.20312084392,2194.45010117062,9387.88485917199
SHN,,7139.36731096196,7139.36731096196,6744.80478087721,13859.7728750762,9390.94188521612,,5624.52831784806,7489.92812410633,7489.92812410633,7489.92812410633,7489.92812410633,7447.73653098034,7447.73653098034,7574.72626107062,7980.03221032958,14667.7512361448,14667.7512361448,7422.79863735168,7422.79863735168,8918.1033968893,12835.9180228345,7230.03517687897
SJM,,,,,,,,,,,,,,,,,,,,,,,
SLB,,14422.8743786173,14422.8743786173,12869.7009089516,7067.7970446667,13249.7864898657,,13582.1383645664,14795.924101286,14795.924101286,14795.924101286,14795.924101286,14415.7283057586,14415.7283057586,14498.3380776743,13992.6074878096,6427.44925120225,6427.44925120225,14134.023764464,14134.023764464,12856.5109334381,6807.29315219579,14500.5218301359
SLE,,5206.38238113396,5206.38238113396,7629.64369460694,12571.3650059342,7514.87547528843,,5720.31056098729,5047.23363495348,5047.23363495348,5047.23363495348,5047.23363495348,5296.40281649791,5296.40281649791,5277.03227606615,5762.0574731462,13263.5577808088,13263.5577808088,5501.1988082381,5501.1988082381,6863.89629883633,12619.2820648513,5171.49615406157
SLV,,10741.9845794282,10741.9845794282,5575.58321125249,13509.8543915506,1269.01769917078,,13756.9946853292,9277.17936306301,9277.17936306301,9277.17936306301,9277.17936306301,10224.4105279938,10224.4105279938,9796.45523025827,10135.8479209517,13137.815461298,13137.815461298,10856.2568344487,10856.2568344487,10863.3587477894,15829.9741154471,10434.1917738795
SMR,,892.209726148617,892.209726148617,12000.1254632519,8006.39999938724,8628.1944582011,,4632.51993260056,856.60210164099,856.60210164099,856.60210164099,856.60210164099,653.349522479626,653.349522479626,700.039429604219,1119.71664413643,8644.30056633537,8644.30056633537,1092.00563243323,1092.00563243323,2216.53282993684,8680.04069379142,645.578107531646
SOM,,,,,,,,,,,,,,,,,,,,,,,
SPM,,,,,,,,,,,,,,,,,,,,,,,
STP,,4976.16126897515,4976.16126897515,8864.02188896923,11653.6990602421,9908.31892097299,,3677.24081532799,5585.33345988576,5585.33345988576,5585.33345988576,5585.33345988576,5360.23714119549,5360.23714119549,5561.44543779338,5904.41975829439,12453.0353759504,12453.0353759504,5247.03268501863,5247.03268501863,6746.17278720304,10950.800421385,5110.0654097709
SUR,,8634.06447549547,8634.06447549547,4641.84683168102,14868.3587481469,3488.33416807447,,10348.4450540287,7581.05306134836,7581.05306134836,7581.05306134836,7581.05306134836,8357.23143315351,8357.23143315351,8064.27610088439,8558.28512056623,15037.2227160886,15037.2227160886,8867.20086761106,8867.20086761106,9650.94456494373,16392.6137798553,8423.10474999546
SVK,,776.516418769793,776.516418769793,12534.8036365051,7437.788513446,8793.63953435454,,4791.83727921883,779.865293178634,779.865293178634,779.865293178634,779.865293178634,169.760772112072,169.760772112072,291.247245849834,532.216450524632,8064.16440636942,8064.16440636942,805.937693015579,805.937693015579,1634.79612193701,8205.86539968259,450.912436838714
SVN,,794.576739946064,794.576739946064,12254.4581835426,7734.43256563173,8697.17572553836,,4712.06196532468,755.838564963035,755.838564963035,755.838564963035,755.838564963035,388.383067747318,388.383067747318,448.979725511108,834.484667613902,8366.08473339815,8366.08473339815,927.03175942194,927.03175942194,1936.77110123298,8456.46574141255,485.171946033348
SWE,,1884.64826276354,1884.64826276354,13065.7146859029,6725.61057709162,8391.42698101639,,5848.64672189882,1182.71407097506,1182.71407097506,1182.71407097506,1182.71407097506,1320.01377190562,1320.01377190562,1054.47729989527,810.728459325497,7256.47074135475,7256.47074135475,1743.48126280242,1743.48126280242,1231.18150451383,7895.0920336419,1622.19286086487
SWZ,,7684.15753901945,7684.15753901945,9441.46218140338,11458.9479841282,13368.4223429332,,3995.240518994,8857.87542422967,8857.87542422967,8857.87542422967,8857.87542422967,8261.94078692935,8261.94078692935,8623.57935039987,8758.13291547668,12177.2499546045,12177.2499546045,7852.03295573195,7852.03295573195,9114.52429079539,9610.00037534805,7952.26662711632
SYC,,6161.20845953561,6161.20845953561,12963.7816913857,7928.62665493298,15057.969779068,,2388.3152866902,7670.31489162043,7670.31489162043,7670.31489162043,7670.31489162043,6777.33158516157,6777.33158516157,7227.16932713118,7090.26696112949,8655.00282111728,8655.00282111728,6173.6377193164,6173.6377193164,6889.19761377982,6188.45688072334,6490.37812282546
SYR,,1525.39830932788,1525.39830932788,13391.2900525266,6946.46553554997,10991.2665449877,,2724.84886810495,3046.82285164938,3046.82285164938,3046.82285164938,3046.82285164938,2117.21293257095,2117.21293257095,2569.2986503491,2415.20324642115,7719.26256393891,7719.26256393891,1498.31579762826,1498.31579762826,2473.19555082586,6900.58990980767,1851.78857399436
TCA,,,,,,,,,,,,,,,,,,,,,,,
TCD,,3482.01573724718,3482.01573724718,10354.0628975146,10101.4497815218,10234.1686084486,,2616.74245275153,4343.18423479446,4343.18423479446,4343.18423479446,4343.18423479446,3939.16671763787,3939.16671763787,4210.70428152058,4480.97408155804,10892.066526631,10892.066526631,3734.52419598335,3734.52419598335,5220.37148701092,9621.5147417439,3660.91100615709
TGO,,4598.6346229733,4598.6346229733,8727.40070873961,11668.0991159702,9094.87121811026,,4153.77475074792,4975.0282839329,4975.0282839329,4975.0282839329,4975.0282839329,4891.37148961853,4891.37148961853,5026.65523936346,5424.13153912258,12438.9937570241,12438.9937570241,4886.68721401468,4886.68721401468,6373.95677277667,11278.7901929146,4676.48172562187
THA,,7942.14472690308,7942.14472690308,17650.5100641229,3288.58717270896,15911.5985530104,,6741.62483565239,9072.65750607552,9072.65750607552,9072.65750607552,9072.65750607552,8247.14617061289,8247.14617061289,8569.59062666666,8096.12688688597,3740.91050394016,3740.91050394016,7715.5742786219,7715.5742786219,7065.77535104677,986.040168005916,8162.52432246512
TJK,,3826.5735124002,3826.5735124002,16353.3068342284,4063.04948899627,12543.2883639569,,4440.65420664039,4922.09058021031,4922.09058021031,4922.09058021031,4922.09058021031,4091.2126236639,4091.2126236639,4414.01197320267,3950.41902347839,4863.71942825532,4863.71942825532,3580.72872555404,3580.72872555404,2994.62495533949,4038.62116047132,4021.73382615353
TKL,,16050.0652396583,16050.0652396583,10414.2627133804,9203.26417998029,10309.6778798599,,16737.5335967177,15415.4383389294,15415.4383389294,15415.4383389294,15415.4383389294,15668.2094219954,15668.2094219954,15459.769752126,15123.785952594,8419.15498389321,8419.15498389321,15776.7304882225,15776.7304882225,14276.9133900799,9656.79877245428,15919.0750282974
TKM,,3004.16118801144,3004.16118801144,15441.0945713261,4944.73637226055,12102.6688167019,,3760.97496491023,4233.0097068311,4233.0097068311,4233.0097068311,4233.0097068311,3343.80252410179,3343.80252410179,3710.89861934864,3293.05901604567,5736.82430775966,5736.82430775966,2782.63359475336,2782.63359475336,2514.78114615289,4908.70258027307,3231.77756438184
TLS,,11652.7109665528,11652.7109665528,15053.0330509278,5447.96073503024,16638.5718941395,,9819.11042969925,12725.6760877565,12725.6760877565,12725.6760877565,12725.6760877565,11940.6566714817,11940.6566714817,12239.3880724073,11747.7922365088,5267.9737599918,5267.9737599918,11423.4771044872,11423.4771044872,10659.9325805393,3919.37490908836,11868.9473255367
TON,,17062.1932614833,17062.1932614833,10004.3198395179,9790.08916275689,11188.3818066041,,16152.3623219173,16713.0768457086,16713.0768457086,16713.0768457086,16713.0768457086,16812.2116198359,16812.2116198359,16682.8068145861,16283.2060683764,9060.51306992634,9060.51306992634,16768.1485166152,16768.1485166152,15303.6650722261,9766.06349040337,17014.3569886317
TTO,,8795.42770526783,8795.42770526783,4975.01625056129,14402.1337693122,2609.22598196113,,10942.8469872286,7595.81350843762,7595.81350843762,7595.81350843762,7595.81350843762,8442.96533233414,8442.96533233414,8103.8613451181,8570.36541376334,14452.4023244617,14452.4023244617,9001.09752626654,9001.09752626654,9600.62027345748,16240.8770089992,8551.26087108239
TUN,,1300.24237848016,1300.24237848016,11430.3135310044,8661.18829293953,8722.74333248267,,4216.44488037179,1567.79291821309,1567.79291821309,1567.79291821309,1567.79291821309,1396.52215577897,1396.52215577897,1514.87784720538,1913.67352212413,9334.27522095787,9334.27522095787,1587.28911508814,1587.28911508814,2947.42657097552,9120.60445738833,1240.55956340326
TUR,,855.101181147055,855.101181147055,13357.3047205094,6850.01922140884,10333.6988653337,,3474.20579191949,2331.64371345788,2331.64371345788,2331.64371345788,2331.64371345788,1384.6218992519,1384.6218992519,1832.2502151987,1642.31245521635,7583.70490574353,7583.70490574353,749.638561614901,749.638561614901,1794.73829312886,7118.88356177211,1155.2380958899
TUV,,15550.7783649318,15550.7783649318,11320.8117775568,8379.35150427756,11244.20050875,,15685.0108159192,15268.0107180815,15268.0107180815,15268.0107180815,15268.0107180815,15295.3761391719,15295.3761391719,15186.6522515087,14770.4945417235,7622.42070011151,7622.42070011151,15258.6889961628,15258.6889961628,13785.6604145337,8652.76465103941,15495.0242544174
TWN,,8796.13987871507,8796.13987871507,18512.5860019674,1718.23127372821,14087.5293518331,,8875.14437264863,9449.97967772733,9449.97967772733,9449.97967772733,9449.97967772733,8869.44219333098,8869.44219333098,9044.20871263412,8525.75703537403,1600.89806802176,1600.89806802176,8513.88816214375,8513.88816214375,7372.73315666887,1668.97693692122,8906.86680902824
TZA,,5556.78844737571,5556.78844737571,11139.1997684469,9656.13246661152,13157.3501759123,,1712.70117749818,6879.52472877609,6879.52472877609,6879.52472877609,6879.52472877609,6164.34151377139,6164.34151377139,6565.15401652781,6622.27011729467,10441.2492211765,10441.2492211765,5688.41461492147,5688.41461492147,6866.22338632732,8221.52571468068,5851.48320200485
UGA,,4784.48021367237,4784.48021367237,11260.2037822395,9460.37141517581,12541.8122980741,,1180.40771346138,6084.35831690923,6084.35831690923,6084.35831690923,6084.35831690923,5385.59781203634,5385.59781203634,5779.41193285278,5854.90279403891,10264.311939699,10264.311939699,4929.03991430133,4929.03991430133,6162.55365603597,8267.93966800929,5072.78055719189
UKR,,1022.33969665728,1022.33969665728,13537.2014038601,6466.92165975198,9544.61066283597,,4656.99384514679,1651.98209932721,1651.98209932721,1651.98209932721,1651.98209932721,894.995099868454,894.995099868454,1146.51836438044,691.596505936935,7119.87488401106,7119.87488401106,746.839838693403,746.839838693403,756.629609968496,7204.8880729076,980.613866531688
URY,,11787.0690213545,11787.0690213545,1341.82013952723,19156.7832408878,6993.15896286743,,11030.644383369,11329.2569019963,11329.2569019963,11329.2569019963,11329.2569019963,11805.0226630736,11805.0226630736,11688.8560900467,12203.8767905834,19517.0003313537,19517.0003313537,12079.6552727569,12079.6552727569,13353.1027320015,17683.556430325,11723.5435988686
USA,,7932.31110330866,7932.31110330866,8035.27469201501,11172.0425835154,1818.78672426437,,11539.817032432,6416.8394948526,6416.8394948526,6416.8394948526,6416.8394948526,7362.05286808714,7362.05286808714,6916.26559928376,7197.14411302629,11068.7865726283,11068.7865726283,7997.76059749555,7997.76059749555,7843.40713755661,13363.9522005975,7608.2882388287
UZB,,3762.49316176606,3762.49316176606,16400.4665144202,3942.89091473882,12297.729624875,,4666.48075386632,4779.57147621624,4779.57147621624,4779.57147621624,4779.57147621624,3981.62331820071,3981.62331820071,4281.04858461864,3802.31359663218,4733.00198552677,4733.00198552677,3503.50785916164,3503.50785916164,2799.06575203598,4102.87982176987,3935.66640922131
VAT,,899.95094709999,899.95094709999,11889.4461403743,8147.12282860752,8707.56834566956,,4464.44266798742,1064.06993538555,1064.06993538555,1064.06993538555,1064.06993538555,815.227371437663,815.227371437663,922.220706738424,1317.17986341726,8798.62244763793,8798.62244763793,1143.51171405947,1143.51171405947,2381.55135516952,8749.17330741682,724.635598736877
VCT,,8588.55874817269,8588.55874817269,5252.4714508089,14124.7005688806,2489.48662018976,,10858.8821557829,7363.18077907079,7363.18077907079,7363.18077907079,7363.18077907079,8221.47371526188,8221.47371526188,7874.50731732984,8335.20235466015,14181.9438026951,14181.9438026951,8787.92372949578,8787.92372949578,9353.72230007612,15971.1990854208,8337.98913306596
VEN,,9246.05303025686,9246.05303025686,4879.24143362363,14412.6425464784,2155.92708015768,,11524.9516798167,7986.14735206769,7986.14735206769,7986.14735206769,7986.14735206769,8861.38273367812,8861.38273367812,8502.47626667379,8951.59184294865,14366.4580879547,14366.4580879547,9438.16171689387,9438.16171689387,9940.56904223595,16428.7284865919,8988.59996261506
VGB,,8480.105243606,8480.105243606,5775.04080906479,13545.8619255509,1917.25871407054,,11092.7230850223,7161.83825898101,7161.83825898101,7161.83825898101,7161.83825898101,8059.96878730477,8059.96878730477,7683.30940272715,8115.59568318941,13553.3013379176,13553.3013379176,8654.52488441707,8654.52488441707,9073.15144421793,15519.3400307189,8207.58736839842
VIR,,,,,,,,,,,,,,,,,,,,,,,
VNM,,7860.42423676797,7860.42423676797,18587.865189804,2320.31029011002,15038.487052162,,7289.22785224711,8817.07942271678,8817.07942271678,8817.07942271678,8817.07942271678,8073.9898486966,8073.9898486966,8342.891138377,7842.28841905112,2755.94514008516,2755.94514008516,7605.74651204869,7605.74651204869,6741.78815347475,0,8038.39795064007
VUT,,15710.3603881968,15710.3603881968,11581.1683522651,8347.34113222699,12701.6612135947,,14501.5224874546,15984.7844753152,15984.7844753152,15984.7844753152,15984.7844753152,15681.0809772169,15681.0809772169,15732.3996090468,15237.0418302059,7689.36413316514,7689.36413316514,15420.4471504619,15420.4471504619,14115.339480136,8050.24680819683,15779.6849952829
WLF,,,,,,,,,,,,,,,,,,,,,,,
WSM,,16495.7909069251,16495.7909069251,10177.4874500531,9497.0221851826,10551.0945802245,,16663.7064888777,15909.9887641659,15909.9887641659,15909.9887641659,15909.9887641659,16139.4808306082,16139.4808306082,15944.5646069084,15596.4089755811,8727.43130268059,8727.43130268059,16215.9671245342,16215.9671245342,14717.5158335176,9790.26735158881,16381.7319590931
YEM,,3627.90515488334,3627.90515488334,13231.4734654128,7420.74425127785,12815.6788770841,,918.182918963575,5137.77552545953,5137.77552545953,5137.77552545953,5137.77552545953,4245.4315768437,4245.4315768437,4694.4796441858,4577.0348739742,8230.52669829753,8230.52669829753,3648.76172551168,3648.76172551168,4517.98030444328,6514.33206318893,3956.94077547682
ZAF,,7594.29752802852,7594.29752802852,9233.36313508001,11653.6921883221,13065.647308235,,4012.07637988687,8722.16449038871,8722.16449038871,8722.16449038871,8722.16449038871,8160.08993144071,8160.08993144071,8508.89507326994,8666.21548965671,12385.4983827932,12385.4983827932,7773.87785507993,7773.87785507993,9073.87342516876,9851.97673811148,7852.86525828874
ZMB,,6454.25863165215,6454.25863165215,9884.19809554365,10937.373085904,12754.2912177669,,2938.37504847195,7614.14066670341,7614.14066670341,7614.14066670341,7614.14066670341,7025.27064352793,7025.27064352793,7382.07337507867,7527.1640351041,11712.6784952479,11712.6784952479,6631.04945666658,6631.04945666658,7934.48616991389,9380.86544255168,6716.74455401565
ZWE,,6748.20873823886,6748.20873823886,9973.78327180339,10877.7552542403,13117.1069683232,,3087.64372540051,7948.74843603638,7948.74843603638,7948.74843603638,7948.74843603638,7330.42815534662,7330.42815534662,7698.74329426174,7822.3340148346,11636.5935543735,11636.5935543735,6912.96208920275,6912.96208920275,8176.67076781394,9220.70479843847,7019.86337421083
